,발생년,발생년월일시,주야,요일,사망자수,사상자수,중상자수,경상자수,부상신고자수,발생지시도,발생지시군구,사고유형_대분류,사고유형_중분류,사고유형,법규위반,도로형태_대분류,도로형태,당사자종별_1당_대분류,당사자종별_2당_대분류,발생위치X_UTMK,발생위치Y_UTMK,경도,위도,발생월,발생일,발생시
27702,2018,2018-02-15 18:00,야간,목,1,1,0,0,0,서울,중구,차대사람,횡단중,횡단중,안전운전 의무 불이행,단일로,기타단일로,승합차,보행자,953428,1950841,126.972718,37.55574075,2,15,18
27714,2018,2018-02-17 12:00,주간,토,1,1,0,0,0,서울,송파구,차대차,측면충돌,측면충돌,안전운전 의무 불이행,교차로,교차로횡단보도내,화물차,자전거,965007,1945527,127.1040593,37.50835168,2,17,12
27716,2018,2018-02-17 20:00,야간,토,1,1,0,0,0,서울,구로구,차대사람,횡단중,횡단중,안전운전 의무 불이행,단일로,기타단일로,승합차,보행자,942229,1944896,126.8463989,37.50152396,2,17,20
27727,2018,2018-02-19 14:00,주간,월,1,1,0,0,0,서울,영등포구,차대사람,횡단중,횡단중,신호위반,단일로,기타단일로,승용차,보행자,949119,1947547,126.9241626,37.5258235,2,19,14
27747,2018,2018-02-21 22:00,야간,수,1,5,0,4,0,서울,송파구,차대차,추돌,추돌,안전운전 의무 불이행,교차로,교차로부근,화물차,승용차,965783,1946811,127.1127841,37.51995856,2,21,22
27759,2018,2018-02-23 8:00,주간,금,1,1,0,0,0,서울,양천구,차대차,기타,기타,안전운전 의무 불이행,단일로,기타단일로,승용차,건설기계,940550,1946385,126.8272841,37.51483774,2,23,8
27765,2018,2018-02-23 20:00,야간,금,1,6,0,5,0,서울,강북구,차대차,정면충돌,정면충돌,중앙선 침범,단일로,기타단일로,승용차,승합차,958080,1959173,127.0249118,37.63106141,2,23,20
27770,2018,2018-02-24 5:00,야간,토,1,1,0,0,0,서울,동대문구,차대사람,횡단중,횡단중,안전운전 의무 불이행,교차로,교차로횡단보도내,승용차,보행자,960672,1951888,127.054675,37.56551545,2,24,5
27782,2018,2018-02-25 1:00,야간,일,1,1,0,0,0,서울,중랑구,차대사람,차도통행중,차도통행중,안전운전 의무 불이행,단일로,기타단일로,승용차,보행자,964522,1954800,127.0981323,37.59192226,2,25,1
27784,2018,2018-02-25 4:00,야간,일,1,4,2,1,0,서울,강북구,차대차,측면충돌,측면충돌,신호위반,교차로,교차로내,승용차,승용차,958822,1956920,127.0334443,37.61078916,2,25,4
27793,2018,2018-02-26 5:00,야간,월,1,1,0,0,0,서울,동작구,차대사람,기타,기타,안전운전 의무 불이행,단일로,기타단일로,승합차,보행자,954195,1942745,126.9819086,37.48280691,2,26,5
27800,2018,2018-02-27 3:00,야간,화,1,1,0,0,0,서울,강남구,차대차,측면충돌,측면충돌,신호위반,교차로,교차로내,승용차,승용차,958528,1946177,127.0307211,37.51394641,2,27,3
27803,2018,2018-02-27 10:00,주간,화,1,1,0,0,0,서울,노원구,차대차,측면충돌,측면충돌,안전거리 미확보,단일로,지하차도(도로)내,자전거,건설기계,961887,1962117,127.0678994,37.65776297,2,27,10
27812,2018,2018-02-27 22:00,야간,화,1,1,0,0,0,서울,서초구,차대사람,기타,기타,안전운전 의무 불이행,단일로,기타단일로,승용차,보행자,954153,1942263,126.9814613,37.47846129,2,27,22
27832,2018,2018-03-03 4:00,야간,토,1,2,0,1,0,서울,중랑구,차대사람,횡단중,횡단중,과속,교차로,교차로횡단보도내,승용차,보행자,962906,1952859,127.0799215,37.57436009,3,3,4
27833,2018,2018-03-03 8:00,주간,토,1,1,0,0,0,서울,광진구,차량단독,공작물충돌,공작물충돌,안전운전 의무 불이행,단일로,교량위,승용차,없음,965455,1949710,127.1089348,37.5460789,3,3,8
27847,2018,2018-03-04 22:00,야간,일,1,3,0,2,0,서울,송파구,차대차,정면충돌,정면충돌,중앙선 침범,단일로,지하차도(도로)내,원동기장치자전거,승합차,966091,1944152,127.1163922,37.49600317,3,4,22
27859,2018,2018-03-07 3:00,야간,수,1,1,0,0,0,서울,동대문구,차대사람,횡단중,횡단중,안전운전 의무 불이행,교차로,교차로횡단보도내,승용차,보행자,959825,1953487,127.0449967,37.57989111,3,7,3
27864,2018,2018-03-07 15:00,주간,수,1,1,0,0,0,서울,동대문구,차대사람,횡단중,횡단중,안전운전 의무 불이행,교차로,교차로횡단보도내,화물차,보행자,962041,1953347,127.0701006,37.57872331,3,7,15
27869,2018,2018-03-07 20:00,야간,수,1,1,0,0,0,서울,관악구,차대사람,횡단중,횡단중,보행자 보호의무 위반,교차로,교차로횡단보도내,승합차,보행자,948172,1942190,126.9138232,37.47748709,3,7,20
27874,2018,2018-03-08 21:00,야간,목,1,1,0,0,0,서울,중랑구,차대사람,차도통행중,차도통행중,안전운전 의무 불이행,단일로,기타단일로,화물차,보행자,962590,1955259,127.0762204,37.59597919,3,8,21
27878,2018,2018-03-09 6:00,주간,금,1,1,0,0,0,서울,마포구,차대차,기타,기타,과속,교차로,교차로부근,승합차,원동기장치자전거,950967,1948977,126.9449829,37.53880979,3,9,6
27886,2018,2018-03-10 1:00,야간,토,1,1,0,0,0,서울,관악구,차대사람,보도통행중,보도통행중,안전운전 의무 불이행,교차로,교차로횡단보도내,이륜차,보행자,949919,1941788,126.9336083,37.47396013,3,10,1
27885,2018,2018-03-10 1:00,야간,토,1,1,0,0,0,서울,성북구,차대사람,차도통행중,차도통행중,안전운전 의무 불이행,단일로,기타단일로,승용차,보행자,959009,1955220,127.0356583,37.59547506,3,10,1
27889,2018,2018-03-10 12:00,주간,토,1,1,0,0,0,서울,송파구,차대사람,기타,기타,안전운전 의무 불이행,교차로,교차로부근,승용차,보행자,963866,1945672,127.0911469,37.50961917,3,10,12
27895,2018,2018-03-11 3:00,야간,일,1,2,0,1,0,서울,성동구,차대차,정면충돌,정면충돌,중앙선 침범,단일로,기타단일로,이륜차,승용차,958101,1951844,127.025566,37.56500547,3,11,3
27902,2018,2018-03-11 21:00,야간,일,1,1,0,0,0,서울,노원구,차대사람,기타,기타,안전운전 의무 불이행,기타,기타,승용차,보행자,960631,1964719,127.0535196,37.68116212,3,11,21
27904,2018,2018-03-12 6:00,주간,월,1,1,0,0,0,서울,강북구,차대사람,횡단중,횡단중,신호위반,단일로,기타단일로,승용차,보행자,958566,1959633,127.0303913,37.6352268,3,12,6
27915,2018,2018-03-13 2:00,야간,화,1,2,1,0,0,서울,은평구,차대차,측면충돌,측면충돌,신호위반,교차로,교차로내,원동기장치자전거,승용차,948085,1957300,126.9117701,37.61367048,3,13,2
27947,2018,2018-03-15 23:00,야간,목,1,1,0,0,0,서울,영등포구,차대사람,횡단중,횡단중,과속,단일로,기타단일로,화물차,보행자,946973,1945371,126.9000338,37.50608998,3,15,23
27949,2018,2018-03-16 9:00,주간,금,1,1,0,0,0,서울,영등포구,차대사람,기타,기타,안전운전 의무 불이행,단일로,기타단일로,승합차,보행자,946481,1946557,126.8943811,37.51675117,3,16,9
27954,2018,2018-03-17 8:00,주간,토,1,4,3,0,0,서울,강남구,차대차,추돌,추돌,안전운전 의무 불이행,단일로,기타단일로,승용차,특수차,960119,1947879,127.0486313,37.52935729,3,17,8
27968,2018,2018-03-18 7:00,주간,일,1,3,1,1,0,서울,강남구,차대차,정면충돌,정면충돌,신호위반,교차로,교차로내,이륜차,승합차,960629,1947422,127.0544277,37.52526011,3,18,7
27972,2018,2018-03-18 17:00,주간,일,1,1,0,0,0,서울,성동구,차량단독,기타,기타,안전운전 의무 불이행,단일로,기타단일로,이륜차,없음,958684,1951628,127.0321794,37.56308495,3,18,17
27987,2018,2018-03-20 4:00,야간,화,1,1,0,0,0,서울,강동구,차대사람,보도통행중,보도통행중,보행자 보호의무 위반,교차로,교차로내,승용차,보행자,970944,1951153,127.1710156,37.55927202,3,20,4
27988,2018,2018-03-20 4:00,야간,화,1,1,0,0,0,서울,강남구,차대사람,횡단중,횡단중,안전운전 의무 불이행,단일로,기타단일로,승용차,보행자,959059,1945762,127.0367526,37.51022959,3,20,4
28011,2018,2018-03-22 12:00,주간,목,1,2,1,0,0,서울,강동구,차대사람,횡단중,횡단중,안전운전 의무 불이행,단일로,기타단일로,승용차,보행자,966878,1949043,127.1250747,37.5401165,3,22,12
28014,2018,2018-03-22 18:00,야간,목,1,1,0,0,0,서울,중랑구,차대사람,횡단중,횡단중,보행자 보호의무 위반,단일로,기타단일로,특수차,보행자,964084,1956366,127.0930908,37.60601646,3,22,18
28024,2018,2018-03-23 18:00,야간,금,1,1,0,0,0,서울,중구,차대차,측면충돌,측면충돌,안전운전 의무 불이행,교차로,교차로내,승용차,이륜차,956058,1951817,127.0024349,37.56466688,3,23,18
28031,2018,2018-03-24 3:00,야간,토,1,1,0,0,0,서울,서초구,차대사람,횡단중,횡단중,안전운전 의무 불이행,단일로,기타단일로,승용차,보행자,956507,1943679,127.0079964,37.49133622,3,24,3
28051,2018,2018-03-26 5:00,야간,월,1,1,0,0,0,서울,양천구,차대사람,횡단중,횡단중,안전운전 의무 불이행,단일로,기타단일로,승용차,보행자,942712,1947237,126.8516806,37.52265367,3,26,5
28058,2018,2018-03-26 17:00,주간,월,1,1,0,0,0,서울,동대문구,차대차,측면충돌,측면충돌,교차로 통행방법 위반,교차로,교차로내,화물차,자전거,961933,1954537,127.0688157,37.58944466,3,26,17
28114,2018,2018-04-01 0:00,야간,일,1,1,0,0,0,서울,동대문구,차대사람,기타,기타,안전운전 의무 불이행,교차로,교차로부근,승용차,보행자,962100,1952641,127.0708053,37.57236236,4,1,0
28123,2018,2018-04-02 1:00,야간,월,1,1,0,0,0,서울,서대문구,차대차,정면충돌,정면충돌,중앙선 침범,단일로,기타단일로,이륜차,승용차,950673,1954890,126.941255,37.59209148,4,2,1
28161,2018,2018-04-05 22:00,야간,목,1,1,0,0,0,서울,서초구,차대사람,횡단중,횡단중,안전운전 의무 불이행,단일로,기타단일로,화물차,보행자,959440,1942418,127.0412434,37.48010835,4,5,22
28165,2018,2018-04-06 1:00,야간,금,1,1,0,0,0,서울,강남구,차대사람,횡단중,횡단중,안전운전 의무 불이행,교차로,교차로부근,승용차,보행자,958084,1946742,127.0256649,37.51901888,4,6,1
28169,2018,2018-04-06 12:00,주간,금,1,1,0,0,0,서울,동대문구,차대차,측면충돌,측면충돌,기타,교차로,교차로내,승용차,이륜차,960377,1953845,127.0512288,37.58314179,4,6,12
28177,2018,2018-04-07 19:00,야간,토,1,1,0,0,0,서울,금천구,차대사람,횡단중,횡단중,안전운전 의무 불이행,단일로,기타단일로,화물차,보행자,947008,1939510,126.9008518,37.45326561,4,7,19
28179,2018,2018-04-08 9:00,주간,일,1,1,0,0,0,서울,강동구,차대사람,길가장자리구역통행중,길가장자리구역통행중,안전운전 의무 불이행,단일로,지하차도(도로)내,승용차,보행자,967868,1947946,127.1363288,37.53026382,4,8,9
28200,2018,2018-04-10 11:00,주간,화,1,1,0,0,0,서울,마포구,차대사람,기타,기타,안전운전 의무 불이행,단일로,기타단일로,승합차,보행자,948811,1950711,126.9204563,37.55432404,4,10,11
28204,2018,2018-04-10 21:00,야간,화,1,1,0,0,0,서울,강북구,차대사람,기타,기타,안전운전 의무 불이행,교차로,교차로부근,승용차,보행자,956819,1960804,127.0105211,37.6457043,4,10,21
28226,2018,2018-04-12 21:00,야간,목,1,1,0,0,0,서울,송파구,차대차,정면충돌,정면충돌,안전운전 의무 불이행,단일로,기타단일로,승용차,승용차,965824,1943541,127.1134001,37.49048609,4,12,21
28229,2018,2018-04-13 14:00,주간,금,1,1,0,0,0,서울,동작구,차대사람,횡단중,횡단중,신호위반,단일로,기타단일로,승용차,보행자,950377,1946178,126.9384917,37.51355298,4,13,14
28232,2018,2018-04-13 21:00,야간,금,1,1,0,0,0,서울,서대문구,차대사람,횡단중,횡단중,안전운전 의무 불이행,단일로,기타단일로,승용차,보행자,951633,1955275,126.9521033,37.5956125,4,13,21
28236,2018,2018-04-14 5:00,야간,토,1,1,0,0,0,서울,동작구,차대사람,기타,기타,안전운전 의무 불이행,단일로,기타단일로,이륜차,보행자,952659,1945575,126.9643514,37.50823792,4,14,5
28247,2018,2018-04-15 2:00,야간,일,1,4,0,3,0,서울,송파구,차대사람,기타,기타,안전운전 의무 불이행,단일로,기타단일로,승용차,보행자,965125,1947519,127.1053044,37.52631541,4,15,2
28254,2018,2018-04-16 17:00,주간,월,1,1,0,0,0,서울,송파구,차대사람,길가장자리구역통행중,길가장자리구역통행중,안전운전 의무 불이행,교차로,교차로내,승용차,보행자,966778,1943299,127.1242025,37.48833964,4,16,17
28264,2018,2018-04-17 17:00,주간,화,1,1,0,0,0,서울,동작구,차대사람,차도통행중,차도통행중,안전운전 의무 불이행,단일로,기타단일로,승합차,보행자,951475,1945423,126.9509654,37.5068064,4,17,17
28301,2018,2018-04-21 11:00,주간,토,1,1,0,0,0,서울,중구,차대사람,차도통행중,차도통행중,안전운전 의무 불이행,단일로,기타단일로,승용차,보행자,956045,1951940,127.0022804,37.56577489,4,21,11
28318,2018,2018-04-22 20:00,야간,일,1,1,0,0,0,서울,강동구,차대사람,횡단중,횡단중,보행자 보호의무 위반,단일로,기타단일로,승용차,보행자,967531,1948079,127.1325088,37.5314508,4,22,20
28335,2018,2018-04-24 23:00,야간,화,1,1,0,0,0,서울,영등포구,차대사람,횡단중,횡단중,안전운전 의무 불이행,단일로,기타단일로,승용차,보행자,947686,1946843,126.9079958,37.51939806,4,24,23
28337,2018,2018-04-25 4:00,야간,수,1,1,0,0,0,서울,노원구,차대사람,횡단중,횡단중,안전운전 의무 불이행,교차로,교차로내,승용차,보행자,962790,1963101,127.0780865,37.66666899,4,25,4
28361,2018,2018-04-27 16:00,주간,금,1,1,0,0,0,서울,송파구,차대차,측면충돌,측면충돌,안전운전 의무 불이행,단일로,기타단일로,승용차,승용차,965204,1946065,127.1062673,37.51321288,4,27,16
28363,2018,2018-04-28 1:00,야간,토,1,1,0,0,0,서울,은평구,차대사람,기타,기타,안전운전 의무 불이행,교차로,교차로부근,승용차,보행자,949230,1955207,126.9248883,37.59487011,4,28,1
28365,2018,2018-04-28 2:00,야간,토,1,1,0,0,0,서울,성북구,차대차,기타,기타,신호위반,교차로,교차로부근,이륜차,이륜차,958854,1955804,127.0338697,37.60073006,4,28,2
28379,2018,2018-04-28 21:00,야간,토,1,1,0,0,0,서울,구로구,차대사람,횡단중,횡단중,안전운전 의무 불이행,단일로,기타단일로,승용차,보행자,944428,1944194,126.8713293,37.49533178,4,28,21
28423,2018,2018-05-03 0:00,야간,목,1,1,0,0,0,서울,종로구,차대사람,차도통행중,차도통행중,신호위반,단일로,기타단일로,승용차,보행자,957092,1952676,127.0140925,37.57245802,5,3,0
28424,2018,2018-05-03 4:00,야간,목,1,1,0,0,0,서울,중구,차대차,측면충돌,측면충돌,안전운전 의무 불이행,교차로,교차로부근,이륜차,이륜차,956880,1951828,127.0117417,37.56480489,5,3,4
28426,2018,2018-05-03 5:00,야간,목,1,4,0,3,0,서울,서초구,차대차,추돌,추돌,안전운전 의무 불이행,단일로,기타단일로,화물차,화물차,956481,1946430,127.007544,37.51613248,5,3,5
28429,2018,2018-05-03 17:00,주간,목,1,1,0,0,0,서울,동작구,차대사람,횡단중,횡단중,안전운전 의무 불이행,단일로,기타단일로,승합차,보행자,952743,1945157,126.9653286,37.50447468,5,3,17
28476,2018,2018-05-08 19:00,야간,화,1,1,0,0,0,서울,서초구,차대차,측면충돌,측면충돌,신호위반,교차로,교차로내,이륜차,승합차,956987,1945601,127.0133181,37.50868417,5,8,19
28478,2018,2018-05-09 8:00,주간,수,1,1,0,0,0,서울,강동구,차대차,기타,기타,안전운전 의무 불이행,교차로,교차로내,건설기계,자전거,968603,1950860,127.1445228,37.55655427,5,9,8
28482,2018,2018-05-09 17:00,주간,수,1,1,0,0,0,서울,도봉구,차대차,기타,기타,안전운전 의무 불이행,교차로,교차로부근,자전거,승용차,958974,1964339,127.0347496,37.67766451,5,9,17
28499,2018,2018-05-11 4:00,야간,금,1,1,0,0,0,서울,마포구,차대사람,횡단중,횡단중,과속,단일로,기타단일로,승용차,보행자,951656,1949822,126.9527236,37.54646503,5,11,4
28521,2018,2018-05-12 19:00,야간,토,1,1,0,0,0,서울,중랑구,차대사람,기타,기타,안전운전 의무 불이행,교차로,교차로내,승합차,보행자,963432,1955321,127.0857552,37.59657188,5,12,19
28527,2018,2018-05-13 22:00,야간,일,1,1,0,0,0,서울,서대문구,차대사람,차도통행중,차도통행중,기타,단일로,기타단일로,승합차,보행자,951559,1953635,126.9513736,37.58082709,5,13,22
28528,2018,2018-05-14 3:00,야간,월,1,1,0,0,0,서울,마포구,차대차,측면충돌,측면충돌,중앙선 침범,교차로,교차로부근,승용차,이륜차,948802,1949988,126.9204049,37.54780705,5,14,3
28543,2018,2018-05-15 20:00,야간,화,1,1,0,0,0,서울,마포구,차대차,측면충돌,측면충돌,안전운전 의무 불이행,단일로,기타단일로,자전거,승용차,951991,1950582,126.9564661,37.55333256,5,15,20
28551,2018,2018-05-17 1:00,야간,목,1,1,0,0,0,서울,양천구,차대차,측면충돌,측면충돌,안전운전 의무 불이행,교차로,교차로내,승용차,이륜차,945233,1949387,126.8800484,37.54218497,5,17,1
28552,2018,2018-05-17 1:00,야간,목,1,1,0,0,0,서울,영등포구,차량단독,공작물충돌,공작물충돌,안전운전 의무 불이행,교차로,교차로내,승용차,없음,945855,1946258,126.8873197,37.51401971,5,17,1
28562,2018,2018-05-18 3:00,야간,금,1,1,0,0,0,서울,송파구,차대차,추돌,추돌,안전운전 의무 불이행,단일로,기타단일로,승용차,화물차,967852,1944267,127.1363087,37.49710273,5,18,3
28572,2018,2018-05-18 23:00,야간,금,1,1,0,0,0,서울,서대문구,차대사람,횡단중,횡단중,안전운전 의무 불이행,단일로,기타단일로,승용차,보행자,948381,1952354,126.9154703,37.56910495,5,18,23
28573,2018,2018-05-19 0:00,야간,토,1,1,0,0,0,서울,영등포구,차대차,기타,기타,중앙선 침범,단일로,교량위,승용차,원동기장치자전거,945392,1947321,126.8820019,37.52357336,5,19,0
28626,2018,2018-05-24 1:00,야간,목,1,1,0,0,0,서울,서초구,차대사람,횡단중,횡단중,안전운전 의무 불이행,단일로,기타단일로,승용차,보행자,957743,1945029,127.0219047,37.50356347,5,24,1
28658,2018,2018-05-28 10:00,주간,월,1,1,0,0,0,서울,용산구,차대사람,횡단중,횡단중,신호위반,교차로,교차로횡단보도내,승용차,보행자,952862,1947766,126.9665121,37.52800086,5,28,10
28682,2018,2018-05-30 11:00,주간,수,1,1,0,0,0,서울,송파구,차대차,측면충돌,측면충돌,안전거리 미확보,단일로,기타단일로,건설기계,이륜차,968808,1943785,127.1471442,37.49279102,5,30,11
28685,2018,2018-05-30 16:00,주간,수,1,1,0,0,0,서울,강서구,차대차,측면충돌,측면충돌,안전거리 미확보,단일로,기타단일로,자전거,승용차,944606,1950281,126.8728838,37.55020516,5,30,16
28693,2018,2018-05-31 21:00,야간,목,1,1,0,0,0,서울,용산구,차대사람,차도통행중,차도통행중,안전운전 의무 불이행,단일로,기타단일로,이륜차,보행자,951856,1947699,126.9551269,37.52734047,5,31,21
28696,2018,2018-06-01 2:00,야간,금,1,1,0,0,0,서울,송파구,차대차,추돌,추돌,안전거리 미확보,단일로,기타단일로,원동기장치자전거,승용차,965644,1944213,127.1113326,37.49653646,6,1,2
28697,2018,2018-06-01 3:00,야간,금,1,2,0,1,0,서울,노원구,차량단독,공작물충돌,공작물충돌,과속,단일로,기타단일로,이륜차,없음,962616,1962794,127.0761294,37.66389487,6,1,3
28721,2018,2018-06-03 12:00,주간,일,1,1,0,0,0,서울,종로구,차대차,측면충돌,측면충돌,신호위반,교차로,교차로내,화물차,승용차,952290,1955864,126.9595071,37.60095554,6,3,12
28730,2018,2018-06-04 9:00,주간,월,1,1,0,0,0,서울,성북구,차대사람,횡단중,횡단중,안전운전 의무 불이행,교차로,교차로내,승합차,보행자,960042,1956595,127.0472846,37.60791371,6,4,9
28740,2018,2018-06-05 23:00,야간,화,1,2,0,1,0,서울,동작구,차대사람,횡단중,횡단중,안전운전 의무 불이행,단일로,기타단일로,승합차,보행자,953811,1944934,126.9774234,37.50251968,6,5,23
28765,2018,2018-06-09 2:00,야간,토,1,1,0,0,0,서울,노원구,차량단독,공작물충돌,공작물충돌,안전운전 의무 불이행,단일로,기타단일로,화물차,없음,961183,1959465,127.0600591,37.63383052,6,9,2
28768,2018,2018-06-09 9:00,주간,토,2,3,1,0,0,서울,용산구,차대차,기타,기타,안전운전 의무 불이행,교차로,교차로내,승용차,이륜차,953804,1947043,126.9772139,37.52152743,6,9,9
28796,2018,2018-06-13 1:00,야간,수,1,2,0,0,1,서울,노원구,차대사람,횡단중,횡단중,안전운전 의무 불이행,단일로,지하차도(도로)내,승용차,보행자,961985,1959488,127.0691473,37.63407136,6,13,1
28803,2018,2018-06-14 2:00,야간,목,1,1,0,0,0,서울,양천구,차대차,기타,기타,안전운전 의무 불이행,단일로,지하차도(도로)내,이륜차,승용차,941835,1946024,126.8418524,37.51166595,6,14,2
28828,2018,2018-06-17 11:00,주간,일,1,1,0,0,0,서울,성동구,차대차,기타,기타,안전운전 의무 불이행,교차로,교차로부근,자전거,자전거,958712,1949157,127.0326356,37.54081437,6,17,11
28834,2018,2018-06-17 22:00,야간,일,1,1,0,0,0,서울,영등포구,차대차,측면충돌,측면충돌,안전운전 의무 불이행,교차로,교차로내,자전거,승용차,947126,1944265,126.9018444,37.49613019,6,17,22
28838,2018,2018-06-19 5:00,야간,화,1,1,0,0,0,서울,강북구,차량단독,기타,기타,안전운전 의무 불이행,단일로,기타단일로,자전거,없음,956386,1963885,127.0054288,37.67345315,6,19,5
28841,2018,2018-06-19 14:00,주간,화,1,1,0,0,0,서울,성북구,차대차,측면충돌,측면충돌,안전운전 의무 불이행,교차로,교차로내,승용차,이륜차,957808,1953542,127.0221506,37.58029657,6,19,14
28842,2018,2018-06-19 19:00,야간,화,1,1,0,0,0,서울,도봉구,차대사람,횡단중,횡단중,안전운전 의무 불이행,단일로,기타단일로,승합차,보행자,959755,1963419,127.043657,37.66940705,6,19,19
28872,2018,2018-06-22 23:00,야간,금,1,1,0,0,0,서울,동대문구,차대차,측면충돌,측면충돌,중앙선 침범,단일로,기타단일로,화물차,이륜차,959504,1953394,127.0413664,37.5790388,6,22,23
28885,2018,2018-06-25 8:00,주간,월,1,1,0,0,0,서울,노원구,차대사람,차도통행중,차도통행중,안전운전 의무 불이행,단일로,기타단일로,승용차,보행자,962805,1961949,127.0783154,37.65628642,6,25,8
28890,2018,2018-06-25 11:00,주간,월,1,2,0,1,0,서울,송파구,차대사람,길가장자리구역통행중,길가장자리구역통행중,기타,교차로,교차로부근,승용차,보행자,969168,1944282,127.1511958,37.49728283,6,25,11
28930,2018,2018-06-28 23:00,야간,목,1,3,2,0,0,서울,강서구,차대차,기타,기타,신호위반,교차로,교차로내,이륜차,승용차,942095,1951147,126.84439,37.55785602,6,28,23
28944,2018,2018-06-30 2:00,야간,토,1,1,0,0,0,서울,강서구,차대사람,기타,기타,안전운전 의무 불이행,단일로,기타단일로,승용차,보행자,943241,1949043,126.8575273,37.53896395,6,30,2
28945,2018,2018-06-30 3:00,야간,토,1,1,0,0,0,서울,용산구,차량단독,공작물충돌,공작물충돌,안전운전 의무 불이행,단일로,기타단일로,이륜차,없음,956761,1947988,127.0106206,37.53018837,6,30,3
28961,2018,2018-07-02 1:00,야간,월,1,1,0,0,0,서울,강남구,차대차,기타,기타,안전운전 의무 불이행,기타,기타,화물차,승용차,960483,1947734,127.0527587,37.52806603,7,2,1
28980,2018,2018-07-03 14:00,주간,화,1,1,0,0,0,서울,금천구,차대사람,차도통행중,차도통행중,안전운전 의무 불이행,교차로,교차로내,건설기계,보행자,946899,1940771,126.8995286,37.46462504,7,3,14
29008,2018,2018-07-06 18:00,야간,금,1,1,0,0,0,서울,도봉구,차대사람,기타,기타,안전운전 의무 불이행,교차로,교차로내,건설기계,보행자,959199,1960300,127.037527,37.64127052,7,6,18
29012,2018,2018-07-07 10:00,주간,토,1,1,0,0,0,서울,강동구,차대차,정면충돌,정면충돌,안전운전 의무 불이행,교차로,교차로부근,승용차,자전거,969325,1948908,127.1527787,37.53898438,7,7,10
29029,2018,2018-07-09 1:00,야간,월,1,1,0,0,0,서울,강북구,차대사람,횡단중,횡단중,신호위반,교차로,교차로내,승합차,보행자,958126,1959606,127.0254049,37.6349671,7,9,1
29032,2018,2018-07-09 15:00,주간,월,1,1,0,0,0,서울,금천구,차대사람,횡단중,횡단중,보행자 보호의무 위반,교차로,교차로횡단보도내,화물차,보행자,946953,1939692,126.9002168,37.45490286,7,9,15
29044,2018,2018-07-11 1:00,야간,수,1,1,0,0,0,서울,광진구,차대사람,차도통행중,차도통행중,안전운전 의무 불이행,기타,기타,승용차,보행자,961461,1948201,127.0638025,37.53231667,7,11,1
29050,2018,2018-07-12 0:00,야간,목,1,1,0,0,0,서울,용산구,차량단독,공작물충돌,공작물충돌,안전운전 의무 불이행,단일로,터널안,이륜차,없음,954743,1949755,126.9876727,37.54601793,7,12,0
29054,2018,2018-07-12 9:00,주간,목,1,1,0,0,0,서울,동작구,차대사람,차도통행중,차도통행중,기타,단일로,기타단일로,화물차,보행자,949015,1944677,126.9231848,37.4999499,7,12,9
29057,2018,2018-07-12 17:00,주간,목,2,8,1,3,2,서울,광진구,차대사람,길가장자리구역통행중,길가장자리구역통행중,안전운전 의무 불이행,단일로,기타단일로,승용차,보행자,963978,1950370,127.0921836,37.55196846,7,12,17
29064,2018,2018-07-13 7:00,주간,금,1,1,0,0,0,서울,영등포구,차대차,기타,기타,안전운전 의무 불이행,단일로,기타단일로,화물차,화물차,947038,1946449,126.9006915,37.5158099,7,13,7
29065,2018,2018-07-13 14:00,주간,금,1,1,0,0,0,서울,은평구,차대차,기타,기타,기타,교차로,교차로횡단보도내,자전거,승용차,948966,1956622,126.9218026,37.60760809,7,13,14
29087,2018,2018-07-15 21:00,야간,일,1,1,0,0,0,서울,서초구,차대차,정면충돌,정면충돌,중앙선 침범,단일로,기타단일로,이륜차,승합차,954275,1944096,126.9827272,37.49498875,7,15,21
29090,2018,2018-07-16 0:00,야간,월,1,1,0,0,0,서울,강북구,차대사람,기타,기타,안전운전 의무 불이행,교차로,교차로횡단보도내,화물차,보행자,957606,1958258,127.0195897,37.62279351,7,16,0
29099,2018,2018-07-16 20:00,야간,월,1,1,0,0,0,서울,구로구,차량단독,공작물충돌,공작물충돌,안전운전 의무 불이행,단일로,기타단일로,이륜차,없음,943541,1943991,126.8613111,37.49344829,7,16,20
29115,2018,2018-07-18 1:00,야간,수,1,2,0,1,0,서울,송파구,차대사람,차도통행중,차도통행중,안전운전 의무 불이행,교차로,교차로부근,승용차,보행자,964380,1945037,127.0969934,37.50391563,7,18,1
29119,2018,2018-07-18 16:00,주간,수,1,1,0,0,0,서울,노원구,차대사람,차도통행중,차도통행중,안전운전 의무 불이행,단일로,기타단일로,승합차,보행자,961472,1957617,127.0634319,37.61718627,7,18,16
29127,2018,2018-07-19 2:00,야간,목,1,1,0,0,0,서울,노원구,차대사람,횡단중,횡단중,안전운전 의무 불이행,단일로,기타단일로,승용차,보행자,962250,1958729,127.0721899,37.62724126,7,19,2